,股票代码,p-value,时间长度,adf统计量,置信
0,MMM,0.494266352683417,3996,-1.5787346721828541,"{'1%': -3.4319887450134567, '5%': -2.862264107905561, '10%': -2.567155450408488}"
1,CNC,,3529,,
2,CNP,0.3828148037836203,3997,-1.7952654160632795,"{'1%': -3.431999076458594, '5%': -2.862268671768981, '10%': -2.5671578800184744}"
3,CTL,0.015254965685002897,3997,-3.291669802888333,"{'1%': -3.431988334447595, '5%': -2.8622639265398497, '10%': -2.567155353857025}"
4,CERN,0.010798705120037505,3997,-3.4047292297775176,"{'1%': -3.4319875139327345, '5%': -2.862263564080849, '10%': -2.567155160899137}"
5,CF,,2608,,
6,SCHW,0.007321207299928972,3997,-3.526955730464911,"{'1%': -3.4319999086046633, '5%': -2.8622690393645924, '10%': -2.5671580757111188}"
7,CHTR,,1501,,
8,CVX,0.1561618935875681,3997,-2.3506172813531214,"{'1%': -3.431988334447595, '5%': -2.8622639265398497, '10%': -2.567155353857025}"
9,CMG,,2493,,
10,CB,0.8051940023558993,3997,-0.8461329544823497,"{'1%': -3.431989566762815, '5%': -2.862264470909746, '10%': -2.567155643656634}"
11,AMG,0.6458499440822608,3997,-1.263168371164031,"{'1%': -3.4319941011564126, '5%': -2.862266473956485, '10%': -2.567156709994697}"
12,CHD,0.5937336619302299,3997,-1.3759847369238334,"{'1%': -3.431988334447595, '5%': -2.8622639265398497, '10%': -2.567155353857025}"
13,CI,0.4458498281148831,3997,-1.6715063047016485,"{'1%': -3.4319875139327345, '5%': -2.862263564080849, '10%': -2.567155160899137}"
14,XEC,,3333,,
15,CINF,0.6092512219036832,3995,-1.3430562240951693,"{'1%': -3.4319974146821197, '5%': -2.862267937688731, '10%': -2.5671574892246736}"
16,CTAS,0.984225205361625,3997,0.47914358622934056,"{'1%': -3.431998660700255, '5%': -2.862268488110152, '10%': -2.567157782246144}"
17,CSCO,9.779795840151717e-21,3997,-11.355075891951609,"{'1%': -3.4319999086046633, '5%': -2.8622690393645924, '10%': -2.5671580757111188}"
18,C,,601,,
19,CFG,,311,,
20,CTXS,0.1700777578571514,3996,-2.305882527795102,"{'1%': -3.4320003249927113, '5%': -2.862269223301515, '10%': -2.567158173631508}"
21,CLX,0.9956794471394541,3997,1.157601028489663,"{'1%': -3.431995342165344, '5%': -2.862267022165729, '10%': -2.5671570018383933}"
22,AFL,0.10428131265366491,3997,-2.547762519173749,"{'1%': -3.431988334447595, '5%': -2.8622639265398497, '10%': -2.567155353857025}"
23,CME,,3282,,
24,CMS,0.9097361275606237,3997,-0.4021682485292866,"{'1%': -3.4319875139327345, '5%': -2.862263564080849, '10%': -2.567155160899137}"
25,KO,0.02397974913565961,3997,-3.136316571575734,"{'1%': -3.4319875139327345, '5%': -2.862263564080849, '10%': -2.567155160899137}"
26,CTSH,0.006592895539775926,3996,-3.55909775946759,"{'1%': -3.431987924087406, '5%': -2.862263745264969, '10%': -2.56715525735392}"
27,CL,0.10088528506352012,3997,-2.5630125675797237,"{'1%': -3.431988334447595, '5%': -2.8622639265398497, '10%': -2.567155353857025}"
28,CMCSA,0.7616248812285937,3997,-0.976818983416601,"{'1%': -3.431989977946622, '5%': -2.8622646525483564, '10%': -2.56715574035339}"
29,CMA,0.3087291029301948,3997,-1.9504132026231267,"{'1%': -3.431989977946622, '5%': -2.8622646525483564, '10%': -2.56715574035339}"
30,CAG,0.6845726459954765,3997,-1.1742519931834274,"{'1%': -3.4319875139327345, '5%': -2.862263564080849, '10%': -2.567155160899137}"
31,CXO,,2111,,
32,COP,0.006638064408924611,3997,-3.557013245016872,"{'1%': -3.4319941011564126, '5%': -2.862266473956485, '10%': -2.567156709994697}"
33,A,7.832735435029233e-09,3997,-6.573415877153862,"{'1%': -3.4320003249927113, '5%': -2.862269223301515, '10%': -2.567158173631508}"
34,ED,0.42576248692558877,3997,-1.7103994552284532,"{'1%': -3.431987924087406, '5%': -2.862263745264969, '10%': -2.56715525735392}"
35,STZ,0.9973893510708131,3997,1.4647566927157798,"{'1%': -3.431992036963141, '5%': -2.862265562109333, '10%': -2.567156224565458}"
36,COO,0.8926720731456153,3997,-0.4966319589088276,"{'1%': -3.431989566762815, '5%': -2.862264470909746, '10%': -2.567155643656634}"
37,CPRT,0.13262242890276738,3997,-2.4330584455226028,"{'1%': -3.4319875139327345, '5%': -2.862263564080849, '10%': -2.567155160899137}"
38,GLW,0.0007871600654503445,3996,-4.154122315854006,"{'1%': -3.432000741590981, '5%': -2.862269407331276, '10%': -2.567158271601324}"
39,COST,0.9976867054754769,3997,1.5461569918691136,"{'1%': -3.431991624746321, '5%': -2.8622653800145192, '10%': -2.5671561276258172}"
40,COTY,,636,,
41,CCI,0.9895355915923699,3997,0.6850910732511362,"{'1%': -3.4320003249927113, '5%': -2.862269223301515, '10%': -2.567158173631508}"
42,CSX,0.06594342850838193,3997,-2.74895357300544,"{'1%': -3.431988334447595, '5%': -2.8622639265398497, '10%': -2.567155353857025}"
43,CMI,0.3304914145517004,3997,-1.903340191321198,"{'1%': -3.4319949282875872, '5%': -2.8622668393374067, '10%': -2.567156904508229}"
44,APD,0.7903617492277255,3997,-0.8927157822902593,"{'1%': -3.4319999086046633, '5%': -2.8622690393645924, '10%': -2.5671580757111188}"
45,CVS,0.9464586009070352,3997,-0.12913057865489436,"{'1%': -3.4319908009332663, '5%': -2.8622650160989567, '10%': -2.5671559338924497}"
46,DHI,0.12563728425219894,3997,-2.45951772538289,"{'1%': -3.431988334447595, '5%': -2.8622639265398497, '10%': -2.567155353857025}"
47,DHR,0.042282156510643466,3997,-2.927136648680692,"{'1%': -3.431988334447595, '5%': -2.8622639265398497, '10%': -2.567155353857025}"
48,DRI,0.46192448738677144,3997,-1.640643648775943,"{'1%': -3.431988334447595, '5%': -2.8622639265398497, '10%': -2.567155353857025}"
49,DVA,0.29019217405423114,3996,-1.9917725187197572,"{'1%': -3.431987924087406, '5%': -2.862263745264969, '10%': -2.56715525735392}"
50,DE,0.1356416160623432,3997,-2.421932302890489,"{'1%': -3.4320003249927113, '5%': -2.862269223301515, '10%': -2.567158173631508}"
51,DAL,,2175,,
52,XRAY,0.06237763092657104,3997,-2.77205556294855,"{'1%': -3.431987924087406, '5%': -2.862263745264969, '10%': -2.56715525735392}"
53,DVN,0.03699922919466711,3997,-2.978014268367649,"{'1%': -3.431988334447595, '5%': -2.8622639265398497, '10%': -2.567155353857025}"
54,FANG,,801,,
55,AKAM,2.557391715125468e-11,3996,-7.589247033507181,"{'1%': -3.432000741590981, '5%': -2.862269407331276, '10%': -2.567158271601324}"
56,DLR,,2805,,
57,DFS,,2146,,
58,DISCA,,2632,,
59,DISCK,,1827,,
60,DISH,3.20696201408597e-07,3997,-5.873029857153102,"{'1%': -3.431999076458594, '5%': -2.862268671768981, '10%': -2.5671578800184744}"
61,DG,,1535,,
62,DLTR,0.35509938846431127,3997,-1.8517273756564303,"{'1%': -3.431992036963141, '5%': -2.862265562109333, '10%': -2.567156224565458}"
63,D,0.13877565318609109,3997,-2.4105687362196013,"{'1%': -3.4319875139327345, '5%': -2.862263564080849, '10%': -2.567155160899137}"
64,DOV,0.4868922368545349,3997,-1.5934315177751635,"{'1%': -3.431989566762815, '5%': -2.862264470909746, '10%': -2.567155643656634}"
65,DOW,1.9154998694852474e-06,3997,-5.516951479630662,"{'1%': -3.4319999086046633, '5%': -2.8622690393645924, '10%': -2.5671580757111188}"
66,ALK,0.41914522380307023,3997,-1.7233080816598803,"{'1%': -3.431987924087406, '5%': -2.862263745264969, '10%': -2.56715525735392}"
67,DWDP,,0,,
68,DTE,0.8684580834599698,3997,-0.6110826620877072,"{'1%': -3.4319945146179958, '5%': -2.8622666566010153, '10%': -2.5671568072270095}"
69,DRE,,2927,,
70,DUK,0.6062252914330137,3997,-1.3495164524342234,"{'1%': -3.4319949282875872, '5%': -2.8622668393374067, '10%': -2.567156904508229}"
71,DXC,,0,,
72,ETFC,0.5889632286824787,3996,-1.3860125000223977,"{'1%': -3.431989155785145, '5%': -2.8622642893621704, '10%': -2.5671555470083454}"
73,EMN,0.1856625742535406,3997,-2.2586159620601363,"{'1%': -3.4319908009332663, '5%': -2.8622650160989567, '10%': -2.5671559338924497}"
74,ETN,0.007849537955782327,3997,-3.505398056981371,"{'1%': -3.4319887450134567, '5%': -2.862264107905561, '10%': -2.567155450408488}"
75,EBAY,1.6714133376903244e-10,3997,-7.2620752714895085,"{'1%': -3.4320003249927113, '5%': -2.862269223301515, '10%': -2.567158173631508}"
76,ECL,0.9691097398276611,3997,0.1467177764688632,"{'1%': -3.4319908009332663, '5%': -2.8622650160989567, '10%': -2.5671559338924497}"
77,ALB,0.13574204914487448,3995,-2.421565255084495,"{'1%': -3.431988334447595, '5%': -2.8622639265398497, '10%': -2.567155353857025}"
78,EIX,0.7705792159638681,3997,-0.9513879467002492,"{'1%': -3.4319978298121763, '5%': -2.862268121070097, '10%': -2.5671575868492806}"
79,EW,,3959,,
80,EA,0.034700044279171366,3997,-3.0020860917254417,"{'1%': -3.431988334447595, '5%': -2.8622639265398497, '10%': -2.567155353857025}"
81,EMR,0.049917419877392205,3997,-2.8622483449098164,"{'1%': -3.431988334447595, '5%': -2.8622639265398497, '10%': -2.567155353857025}"
82,ETR,0.21854372427047292,3997,-2.1667235815715076,"{'1%': -3.4319912127364143, '5%': -2.8622651980110834, '10%': -2.567156030734827}"
83,EOG,0.09748357275061992,3997,-2.578683031416938,"{'1%': -3.431988334447595, '5%': -2.8622639265398497, '10%': -2.567155353857025}"
84,EFX,0.9986392972505028,3996,1.9747994606689414,"{'1%': -3.431989566762815, '5%': -2.862264470909746, '10%': -2.567155643656634}"
85,EQIX,,3863,,
86,EQR,0.8497742295255197,3997,-0.6882319355068692,"{'1%': -3.4319999086046633, '5%': -2.8622690393645924, '10%': -2.5671580757111188}"
87,ESS,0.9864765600639447,3997,0.5558960836740643,"{'1%': -3.4319961705459843, '5%': -2.862267388098443, '10%': -2.5671571966457023}"
88,ARE,0.2477976732270621,3997,-2.091866504806971,"{'1%': -3.431998660700255, '5%': -2.862268488110152, '10%': -2.567157782246144}"
89,EL,0.45704209040168714,3997,-1.6499968062401589,"{'1%': -3.431989566762815, '5%': -2.862264470909746, '10%': -2.567155643656634}"
90,EVRG,,0,,
91,ES,,213,,
92,RE,0.9131021671772102,3997,-0.38174632042025225,"{'1%': -3.4319941011564126, '5%': -2.862266473956485, '10%': -2.567156709994697}"
93,EXC,0.33918631171742586,3997,-1.8849238345207557,"{'1%': -3.431999492426677, '5%': -2.862268855520438, '10%': -2.5671579778401203}"
94,EXPE,,2623,,
95,EXPD,0.009521118415154878,3997,-3.444869674343312,"{'1%': -3.431992449387031, '5%': -2.862265744295594, '10%': -2.5671563215537856}"
96,EXR,,2858,,
97,XOM,0.3980811456202783,3997,-1.76478219015742,"{'1%': -3.4319908009332663, '5%': -2.8622650160989567, '10%': -2.5671559338924497}"
98,FFIV,0.42264296656503575,3997,-1.7164783319155674,"{'1%': -3.4319978298121763, '5%': -2.862268121070097, '10%': -2.5671575868492806}"
99,ALXN,0.8856116381068193,3997,-0.5320369281026878,"{'1%': -3.431996585049182, '5%': -2.8622675712029735, '10%': -2.5671572941229215}"
100,FB,,903,,
101,FAST,0.0002574241288031228,3997,-4.434827024031022,"{'1%': -3.4319875139327345, '5%': -2.862263564080849, '10%': -2.567155160899137}"
102,FRT,0.9677317981925609,3997,0.125072425716316,"{'1%': -3.4319999086046633, '5%': -2.8622690393645924, '10%': -2.5671580757111188}"
103,FDX,0.6832113704208422,3997,-1.1774707673997795,"{'1%': -3.4319945146179958, '5%': -2.8622666566010153, '10%': -2.5671568072270095}"
104,FIS,,3647,,
105,FITB,0.6754686802725958,3997,-1.1956394770228873,"{'1%': -3.431995342165344, '5%': -2.862267022165729, '10%': -2.5671570018383933}"
106,FE,0.23408253143554159,3997,-2.126272030094184,"{'1%': -3.4319978298121763, '5%': -2.862268121070097, '10%': -2.5671575868492806}"
107,FRC,,1266,,
108,FISV,0.3265259055452819,3997,-1.9118099300996216,"{'1%': -3.431987924087406, '5%': -2.862263745264969, '10%': -2.56715525735392}"
109,FLT,,1262,,
110,ALGN,,3745,,
111,ABT,0.0030241031538815544,3997,-3.7887909293937923,"{'1%': -3.431988334447595, '5%': -2.8622639265398497, '10%': -2.567155353857025}"
112,FLIR,0.015963312804778,3997,-3.2764758854080043,"{'1%': -3.431987924087406, '5%': -2.862263745264969, '10%': -2.56715525735392}"
113,FLS,0.2572750879390223,3997,-2.068724586055954,"{'1%': -3.4319875139327345, '5%': -2.862263564080849, '10%': -2.567155160899137}"
114,FLR,,3785,,
115,FMC,0.08230652839406716,3997,-2.654189010396406,"{'1%': -3.431988334447595, '5%': -2.8622639265398497, '10%': -2.567155353857025}"
116,FL,0.9871956744002293,3997,0.5832603197949255,"{'1%': -3.431989566762815, '5%': -2.862264470909746, '10%': -2.567155643656634}"
117,F,0.0011661182054027261,3997,-4.050924452883051,"{'1%': -3.4319999086046633, '5%': -2.8622690393645924, '10%': -2.5671580757111188}"
118,FTNT,,1532,,
119,FTV,,0,,
120,FBHS,,1072,,
121,BEN,0.2813121728659927,3996,-2.012055855030117,"{'1%': -3.431988334447595, '5%': -2.8622639265398497, '10%': -2.567155353857025}"
122,ALLE,,526,,
123,FCX,0.27268843204215737,3996,-2.032075798964151,"{'1%': -3.431993274856645, '5%': -2.8622661089427317, '10%': -2.5671565156766474}"
124,GPS,0.03865132113627974,3997,-2.9614832233567494,"{'1%': -3.4320003249927113, '5%': -2.862269223301515, '10%': -2.567158173631508}"
125,GRMN,,3780,,
126,IT,0.9975106699566361,3997,1.496326999292564,"{'1%': -3.431989566762815, '5%': -2.862264470909746, '10%': -2.567155643656634}"
127,GD,0.3492081929928005,3997,-1.8639443604012929,"{'1%': -3.4319875139327345, '5%': -2.862263564080849, '10%': -2.567155160899137}"
128,GE,6.572842015083916e-10,3997,-7.020214478037535,"{'1%': -3.4320003249927113, '5%': -2.862269223301515, '10%': -2.567158173631508}"
129,GIS,0.046638476241463264,3997,-2.889031136477345,"{'1%': -3.431989566762815, '5%': -2.862264470909746, '10%': -2.567155643656634}"
130,GM,,1280,,
131,GPC,0.9165833829979455,3997,-0.3598900753643677,"{'1%': -3.4319978298121763, '5%': -2.862268121070097, '10%': -2.5671575868492806}"
132,GILD,0.20509581374190455,3997,-2.203173120093641,"{'1%': -3.431996999761174, '5%': -2.862267754399713, '10%': -2.5671573916492325}"
133,AGN,,3934,,
134,GPN,,3756,,
135,GS,0.24078010924644405,3996,-2.109328595593885,"{'1%': -3.4319949282875872, '5%': -2.8622668393374067, '10%': -2.567156904508229}"
136,GWW,0.8950732705251525,3997,-0.48414638215339706,"{'1%': -3.4319936879026813, '5%': -2.862266291403747, '10%': -2.5671566128112553}"
137,HAL,0.09002488738736975,3997,-2.614561528048191,"{'1%': -3.431987924087406, '5%': -2.862263745264969, '10%': -2.56715525735392}"
138,HBI,,2339,,
139,HOG,0.08015769220617508,3996,-2.6657344702659387,"{'1%': -3.431995342165344, '5%': -2.862267022165729, '10%': -2.5671570018383933}"
140,HRS,0.4503016057361203,3997,-1.6629386090407516,"{'1%': -3.4319875139327345, '5%': -2.862263564080849, '10%': -2.567155160899137}"
141,HIG,0.4622420693599025,3997,-1.6400358324961357,"{'1%': -3.4320003249927113, '5%': -2.862269223301515, '10%': -2.567158173631508}"
142,HAS,0.9721152609494005,3997,0.19739770637337414,"{'1%': -3.4320003249927113, '5%': -2.862269223301515, '10%': -2.567158173631508}"
143,HCA,,1204,,
144,ADS,,3651,,
145,HCP,0.0214520728418627,3997,-3.1754234485699624,"{'1%': -3.431987924087406, '5%': -2.862263745264969, '10%': -2.56715525735392}"
146,HP,0.1925326454249487,3997,-2.238607464696371,"{'1%': -3.4319875139327345, '5%': -2.862263564080849, '10%': -2.567155160899137}"
147,HSIC,0.9775921249021524,3997,0.30542736403455084,"{'1%': -3.431989155785145, '5%': -2.8622642893621704, '10%': -2.5671555470083454}"
148,HSY,0.4913738977322728,3997,-1.5845018811622549,"{'1%': -3.431989566762815, '5%': -2.862264470909746, '10%': -2.567155643656634}"
149,HES,0.018461466998727052,3997,-3.2272328927581233,"{'1%': -3.431987924087406, '5%': -2.862263745264969, '10%': -2.56715525735392}"
150,HPE,,32,,
151,HLT,,509,,
152,HFC,0.0277061059472129,3997,-3.0847034701396177,"{'1%': -3.431991624746321, '5%': -2.8622653800145192, '10%': -2.5671561276258172}"
153,HOLX,0.4016623029615418,3997,-1.7576861924538987,"{'1%': -3.431998660700255, '5%': -2.862268488110152, '10%': -2.567157782246144}"
154,HD,0.9988754281285833,3997,2.191488154257539,"{'1%': -3.4319936879026813, '5%': -2.862266291403747, '10%': -2.5671566128112553}"
155,LNT,0.9431590047743391,3997,-0.1596898521551431,"{'1%': -3.431989566762815, '5%': -2.862264470909746, '10%': -2.567155643656634}"
156,HON,0.9222148153426973,3997,-0.32278440764173455,"{'1%': -3.4319875139327345, '5%': -2.862263564080849, '10%': -2.567155160899137}"
157,HRL,0.9843997644010869,3997,0.48467429571262277,"{'1%': -3.431988334447595, '5%': -2.8622639265398497, '10%': -2.567155353857025}"
158,HST,0.2485487773908393,3997,-2.090014388270596,"{'1%': -3.431987924087406, '5%': -2.862263745264969, '10%': -2.56715525735392}"
159,HPQ,1.860274396479288e-05,3997,-5.038605092438395,"{'1%': -3.4320003249927113, '5%': -2.862269223301515, '10%': -2.567158173631508}"
160,HUM,0.9938011759253993,3996,0.9578916598093808,"{'1%': -3.431996585049182, '5%': -2.8622675712029735, '10%': -2.5671572941229215}"
161,HBAN,0.7445522314833231,3996,-1.0236201024110587,"{'1%': -3.431999076458594, '5%': -2.862268671768981, '10%': -2.5671578800184744}"
162,HII,,1195,,
163,IDXX,0.22664932831976325,3996,-2.145414758863352,"{'1%': -3.431987924087406, '5%': -2.862263745264969, '10%': -2.56715525735392}"
164,INFO,,0,,
165,ITW,0.3418276276425115,3996,-1.879369676141936,"{'1%': -3.4319887450134567, '5%': -2.862264107905561, '10%': -2.567155450408488}"
166,ALL,0.3749347995239942,3996,-1.8111610307227153,"{'1%': -3.432000741590981, '5%': -2.862269407331276, '10%': -2.567158271601324}"
167,ILMN,,3872,,
168,IR,0.1366846655235987,3996,-2.418129746732122,"{'1%': -3.4319887450134567, '5%': -2.862264107905561, '10%': -2.567155450408488}"
169,INTC,6.090786047857016e-06,3996,-5.277642701363096,"{'1%': -3.4320003249927113, '5%': -2.862269223301515, '10%': -2.567158173631508}"
170,ICE,,2537,,
171,IBM,0.6685828627075623,3994,-1.2116069699621939,"{'1%': -3.431999076458594, '5%': -2.862268671768981, '10%': -2.5671578800184744}"
172,INCY,0.13080297063016316,3995,-2.4398515590310788,"{'1%': -3.432001158399631, '5%': -2.8622695914539453, '10%': -2.5671583696206057}"
173,IP,0.1431999551028662,3994,-2.3948334050037645,"{'1%': -3.431989155785145, '5%': -2.8622642893621704, '10%': -2.5671555470083454}"
174,IPG,0.09028523845849529,3994,-2.6132714268681214,"{'1%': -3.4320015754188202, '5%': -2.862269775669594, '10%': -2.5671584676893895}"
175,IFF,0.9951032633655577,3994,1.0869010623824669,"{'1%': -3.4319936879026813, '5%': -2.862266291403747, '10%': -2.5671566128112553}"
176,INTU,0.8120087367849771,3994,-0.8238731608974159,"{'1%': -3.4319949282875872, '5%': -2.8622668393374067, '10%': -2.567156904508229}"
177,GOOGL,,2855,,
178,ISRG,,3901,,
179,IVZ,0.027317718121143076,3996,-3.089794496004344,"{'1%': -3.432000741590981, '5%': -2.862269407331276, '10%': -2.567158271601324}"
180,IPGP,,2270,,
181,IQV,,0,,
182,IRM,0.002982140287093878,3997,-3.792771847145851,"{'1%': -3.4319875139327345, '5%': -2.862263564080849, '10%': -2.567155160899137}"
183,JKHY,0.9785205393035777,3996,0.3263248985128451,"{'1%': -3.431998660700255, '5%': -2.862268488110152, '10%': -2.567157782246144}"
184,JEC,0.021624906697899567,3997,-3.172625653323767,"{'1%': -3.4319957562514243, '5%': -2.862267205086051, '10%': -2.5671570992175385}"
185,JBHT,0.6603174671145171,3997,-1.2305507159998774,"{'1%': -3.431987924087406, '5%': -2.862263745264969, '10%': -2.56715525735392}"
186,JEF,,0,,
187,SJM,0.9417916391322259,3997,-0.17187871776418392,"{'1%': -3.4319875139327345, '5%': -2.862263564080849, '10%': -2.567155160899137}"
188,GOOG,,438,,
189,JNJ,0.6201791381629639,3996,-1.3195548587534498,"{'1%': -3.4319957562514243, '5%': -2.862267205086051, '10%': -2.5671570992175385}"
190,JCI,0.14135079100242665,3997,-2.401367581155048,"{'1%': -3.4319875139327345, '5%': -2.862263564080849, '10%': -2.567155160899137}"
191,JPM,0.003446996758011867,3997,-3.751282176590638,"{'1%': -3.4320003249927113, '5%': -2.862269223301515, '10%': -2.567158173631508}"
192,JNPR,1.3018111705142339e-08,3997,-6.480052238370877,"{'1%': -3.4320003249927113, '5%': -2.862269223301515, '10%': -2.567158173631508}"
193,KSU,0.4602928394867146,3997,-1.6437675201573163,"{'1%': -3.4319875139327345, '5%': -2.862263564080849, '10%': -2.567155160899137}"
194,K,0.6592757807392945,3997,-1.232921672678095,"{'1%': -3.431988334447595, '5%': -2.8622639265398497, '10%': -2.567155353857025}"
195,KEY,0.7931620011746223,3996,-0.8841043578365262,"{'1%': -3.431998660700255, '5%': -2.862268488110152, '10%': -2.567157782246144}"
196,KEYS,,283,,
197,KMB,0.9751917812922566,3997,0.2551736857646028,"{'1%': -3.431988334447595, '5%': -2.8622639265398497, '10%': -2.567155353857025}"
198,KIM,0.33058877490922733,3997,-1.903132812999054,"{'1%': -3.431987924087406, '5%': -2.862263745264969, '10%': -2.56715525735392}"
199,MO,0.3093166135479394,3997,-1.9491224538028589,"{'1%': -3.4319875139327345, '5%': -2.862263564080849, '10%': -2.567155160899137}"
200,KMI,,1221,,
201,KLAC,0.02226149918885105,3997,-3.1624850906719817,"{'1%': -3.4319936879026813, '5%': -2.862266291403747, '10%': -2.5671566128112553}"
202,KSS,0.0001190956469685803,3997,-4.619097220850842,"{'1%': -3.431999076458594, '5%': -2.862268671768981, '10%': -2.5671578800184744}"
203,KHC,,117,,
204,KR,0.34849497794921347,3997,-1.865429053010488,"{'1%': -3.4319875139327345, '5%': -2.862263564080849, '10%': -2.567155160899137}"
205,LB,0.992288686252743,3997,0.8422666818594391,"{'1%': -3.431996999761174, '5%': -2.862267754399713, '10%': -2.5671573916492325}"
206,LLL,0.1069646413130097,3997,-2.535975406029871,"{'1%': -3.4319949282875872, '5%': -2.8622668393374067, '10%': -2.567156904508229}"
207,LH,0.116423019647799,3997,-2.49611267725011,"{'1%': -3.431995342165344, '5%': -2.862267022165729, '10%': -2.5671570018383933}"
208,LRCX,1.5034332912932675e-05,3997,-5.084880054631476,"{'1%': -3.4320003249927113, '5%': -2.862269223301515, '10%': -2.567158173631508}"
209,LW,,0,,
210,AMZN,1.0,3997,4.06673718609318,"{'1%': -3.4320003249927113, '5%': -2.862269223301515, '10%': -2.567158173631508}"
211,LEG,0.698817562403164,3997,-1.1401024420446277,"{'1%': -3.4319875139327345, '5%': -2.862263564080849, '10%': -2.567155160899137}"
212,LEN,0.2381174092582366,3997,-2.116031243094635,"{'1%': -3.4319908009332663, '5%': -2.8622650160989567, '10%': -2.5671559338924497}"
213,LLY,0.6209955110321852,3997,-1.317787980917779,"{'1%': -3.4320003249927113, '5%': -2.862269223301515, '10%': -2.567158173631508}"
214,LNC,0.2440834732584825,3996,-2.1010727224418937,"{'1%': -3.431996999761174, '5%': -2.862267754399713, '10%': -2.5671573916492325}"
215,LIN,,3182,,
216,LKQ,,3074,,
217,LMT,0.9895311553741282,3997,0.6848757354906394,"{'1%': -3.431996585049182, '5%': -2.8622675712029735, '10%': -2.5671572941229215}"
218,L,0.031839648413431794,3996,-3.0339916523650587,"{'1%': -3.431987924087406, '5%': -2.862263745264969, '10%': -2.56715525735392}"
219,LOW,0.3892121918857845,3996,-1.782443481350539,"{'1%': -3.431989155785145, '5%': -2.8622642893621704, '10%': -2.5671555470083454}"
220,LYB,,1423,,
221,AEE,0.3666570186029461,3997,-1.827989191097022,"{'1%': -3.431988334447595, '5%': -2.8622639265398497, '10%': -2.567155353857025}"
222,ABBV,,748,,
223,MTB,0.0002898766311399529,3997,-4.405815568059707,"{'1%': -3.4319875139327345, '5%': -2.862263564080849, '10%': -2.567155160899137}"
224,MAC,0.5194774114969892,3997,-1.528281473385738,"{'1%': -3.4319912127364143, '5%': -2.8622651980110834, '10%': -2.567156030734827}"
225,M,0.3204473585009252,3997,-1.9248831129646695,"{'1%': -3.431988334447595, '5%': -2.8622639265398497, '10%': -2.567155353857025}"
226,MRO,0.222221920295537,3997,-2.1569956995955515,"{'1%': -3.431989566762815, '5%': -2.862264470909746, '10%': -2.567155643656634}"
227,MPC,,1129,,
228,MAR,0.3706885360377151,3997,-1.819776120797955,"{'1%': -3.431987924087406, '5%': -2.862263745264969, '10%': -2.56715525735392}"
229,MMC,0.2695774683637696,3997,-2.0393803229424603,"{'1%': -3.4320003249927113, '5%': -2.862269223301515, '10%': -2.567158173631508}"
230,MLM,0.6819655814371436,3997,-1.180409950062575,"{'1%': -3.4319999086046633, '5%': -2.8622690393645924, '10%': -2.5671580757111188}"
231,MAS,0.4345216787913102,3997,-1.693389315409921,"{'1%': -3.4319903893367205, '5%': -2.8622648342780708, '10%': -2.5671558370986496}"
232,MA,,2410,,
233,AAL,,2576,,
234,MAT,0.3842145775270229,3997,-1.7924537572065065,"{'1%': -3.431987924087406, '5%': -2.862263745264969, '10%': -2.56715525735392}"
235,MKC,0.9142755892308305,3997,-0.3744657087437641,"{'1%': -3.431987924087406, '5%': -2.862263745264969, '10%': -2.56715525735392}"
236,MXIM,0.08192461477837104,3997,-2.656223643735138,"{'1%': -3.4319999086046633, '5%': -2.8622690393645924, '10%': -2.5671580757111188}"
237,MCD,0.9895075421645292,3997,0.683731178500252,"{'1%': -3.431992862018147, '5%': -2.8622659265733703, '10%': -2.5671564185908364}"
238,MCK,0.9856975349872009,3997,0.5279230664346095,"{'1%': -3.4320003249927113, '5%': -2.862269223301515, '10%': -2.567158173631508}"
239,MDT,0.7466409521360501,3996,-1.0180048022835368,"{'1%': -3.431998245151502, '5%': -2.8622683045438806, '10%': -2.567157684523092}"
240,MRK,0.2247736738741809,3997,-2.1503041868769217,"{'1%': -3.4319903893367205, '5%': -2.8622648342780708, '10%': -2.5671558370986496}"
241,MET,,3951,,
242,MTD,0.9966828310481203,3997,1.3133837352558688,"{'1%': -3.431999076458594, '5%': -2.862268671768981, '10%': -2.5671578800184744}"
243,MGM,0.37806111653337127,3996,-1.8048406315806456,"{'1%': -3.4319887450134567, '5%': -2.862264107905561, '10%': -2.567155450408488}"
244,AEP,0.4788296039028629,3997,-1.6094804624216845,"{'1%': -3.4319912127364143, '5%': -2.8622651980110834, '10%': -2.567156030734827}"
245,MCHP,0.00205584817314662,3997,-3.8971599284922718,"{'1%': -3.431999492426677, '5%': -2.862268855520438, '10%': -2.5671579778401203}"
246,MU,2.1218636429291744e-06,3997,-5.49609110350447,"{'1%': -3.4320003249927113, '5%': -2.862269223301515, '10%': -2.567158173631508}"
247,MSFT,0.0004798481014685394,3996,-4.280605236408231,"{'1%': -3.431999492426677, '5%': -2.862268855520438, '10%': -2.5671579778401203}"
248,MAA,0.9321337129672674,3997,-0.251226300395572,"{'1%': -3.4319999086046633, '5%': -2.8622690393645924, '10%': -2.5671580757111188}"
249,MHK,0.9735041444910967,3997,0.2226577041449176,"{'1%': -3.4319912127364143, '5%': -2.8622651980110834, '10%': -2.567156030734827}"
250,TAP,0.1676165934569358,3997,-2.313608254570501,"{'1%': -3.4319887450134567, '5%': -2.862264107905561, '10%': -2.567155450408488}"
251,MDLZ,,3653,,
252,MNST,0.37813386386880127,3997,-1.80469378187925,"{'1%': -3.4319961705459843, '5%': -2.862267388098443, '10%': -2.5671571966457023}"
253,MCO,0.7247110067308327,3997,-1.075581104327347,"{'1%': -3.431988334447595, '5%': -2.8622639265398497, '10%': -2.567155353857025}"
254,MS,0.12226906280040079,3997,-2.472659482063147,"{'1%': -3.4319978298121763, '5%': -2.862268121070097, '10%': -2.5671575868492806}"
255,AXP,0.001694800997225563,3997,-3.95022278880923,"{'1%': -3.431998660700255, '5%': -2.862268488110152, '10%': -2.567157782246144}"
256,MOS,0.28555343963453134,3997,-2.002327649248982,"{'1%': -3.4319974146821197, '5%': -2.862267937688731, '10%': -2.5671574892246736}"
257,MSI,6.252985222425303e-07,3997,-5.74172873135045,"{'1%': -3.431999492426677, '5%': -2.862268855520438, '10%': -2.5671579778401203}"
258,MSCI,,2038,,
259,MYL,0.679379366337004,3997,-1.186491969913593,"{'1%': -3.4319957562514243, '5%': -2.862267205086051, '10%': -2.5671570992175385}"
260,NDAQ,,3393,,
261,NOV,0.17119399859998918,3997,-2.302403400753161,"{'1%': -3.4320003249927113, '5%': -2.862269223301515, '10%': -2.567158173631508}"
262,NKTR,1.791141286335453e-05,3997,-5.046858576970515,"{'1%': -3.4320003249927113, '5%': -2.862269223301515, '10%': -2.567158173631508}"
263,NTAP,3.612615968714256e-09,3996,-6.714398136688513,"{'1%': -3.4320003249927113, '5%': -2.862269223301515, '10%': -2.567158173631508}"
264,NFLX,,3419,,
265,NWL,0.9297312514298515,3997,-0.26937423748638856,"{'1%': -3.4319936879026813, '5%': -2.862266291403747, '10%': -2.5671566128112553}"
266,AIG,0.18721346153364726,3997,-2.254057617795884,"{'1%': -3.431989155785145, '5%': -2.8622642893621704, '10%': -2.5671555470083454}"
267,NEM,0.45734442609787423,3997,-1.6494171307663419,"{'1%': -3.4319978298121763, '5%': -2.862268121070097, '10%': -2.5671575868492806}"
268,NWSA,,632,,
269,NWS,,632,,
270,NEE,0.5566775531900285,3997,-1.45288292521791,"{'1%': -3.431988334447595, '5%': -2.8622639265398497, '10%': -2.567155353857025}"
271,NLSN,,1233,,
272,NKE,0.42857710139473687,3996,-1.704924359528849,"{'1%': -3.431989155785145, '5%': -2.8622642893621704, '10%': -2.5671555470083454}"
273,NI,0.13178229565381427,3996,-2.436186766080958,"{'1%': -3.431987924087406, '5%': -2.862263745264969, '10%': -2.56715525735392}"
274,NBL,0.07312360217919939,3996,-2.7053117722768096,"{'1%': -3.431988334447595, '5%': -2.8622639265398497, '10%': -2.567155353857025}"
275,JWN,0.400374429803304,3996,-1.760235832170394,"{'1%': -3.431989155785145, '5%': -2.8622642893621704, '10%': -2.5671555470083454}"
276,NSC,0.7567318037037227,3997,-0.9904491269020463,"{'1%': -3.4319949282875872, '5%': -2.8622668393374067, '10%': -2.567156904508229}"
277,AMT,0.9838377004568236,3997,0.4670886893450947,"{'1%': -3.4319949282875872, '5%': -2.8622668393374067, '10%': -2.567156904508229}"
278,NTRS,0.23550464990070635,3997,-2.1226508590478397,"{'1%': -3.4319999086046633, '5%': -2.8622690393645924, '10%': -2.5671580757111188}"
279,NOC,0.9654400900578122,3997,0.09098369061940113,"{'1%': -3.431988334447595, '5%': -2.8622639265398497, '10%': -2.567155353857025}"
280,NCLH,,736,,
281,NRG,,3033,,
282,NUE,0.0007103767964433072,3996,-4.180656928989248,"{'1%': -3.4319887450134567, '5%': -2.862264107905561, '10%': -2.567155450408488}"
283,NVDA,0.006342578597595058,3997,-3.570889358196501,"{'1%': -3.431999492426677, '5%': -2.862268855520438, '10%': -2.5671579778401203}"
284,ORLY,1.0,3997,4.118693278305094,"{'1%': -3.431996999761174, '5%': -2.862267754399713, '10%': -2.5671573916492325}"
285,OXY,0.17504016715827053,3997,-2.290530799322453,"{'1%': -3.431987924087406, '5%': -2.862263745264969, '10%': -2.56715525735392}"
286,OMC,0.15301686212523702,3997,-2.361103475720784,"{'1%': -3.431987924087406, '5%': -2.862263745264969, '10%': -2.56715525735392}"
287,OKE,0.35130166665444373,3997,-1.8595935192419808,"{'1%': -3.4319875139327345, '5%': -2.862263564080849, '10%': -2.567155160899137}"
288,AWK,,1930,,
289,ORCL,0.001531673268541777,3997,-3.9777381587509755,"{'1%': -3.4319999086046633, '5%': -2.8622690393645924, '10%': -2.5671580757111188}"
290,PCAR,0.03316819498288617,3997,-3.018883066075802,"{'1%': -3.431987924087406, '5%': -2.862263745264969, '10%': -2.56715525735392}"
291,PKG,0.9368286317217976,3997,-0.21402879906299735,"{'1%': -3.431998660700255, '5%': -2.862268488110152, '10%': -2.567157782246144}"
292,PH,0.3702109648602964,3997,-1.8207472996494984,"{'1%': -3.4319875139327345, '5%': -2.862263564080849, '10%': -2.567155160899137}"
293,PAYX,0.13670607547445734,3997,-2.4180519117728423,"{'1%': -3.431999492426677, '5%': -2.862268855520438, '10%': -2.5671579778401203}"
294,PYPL,,106,,
295,PNR,0.16629526408797624,3997,-2.3177876357153404,"{'1%': -3.4319875139327345, '5%': -2.862263564080849, '10%': -2.567155160899137}"
296,PBCT,0.29536114578310835,3997,-1.9801112070671076,"{'1%': -3.431989155785145, '5%': -2.8622642893621704, '10%': -2.5671555470083454}"
297,PEP,0.8263526058715324,3997,-0.7750103818307922,"{'1%': -3.4319949282875872, '5%': -2.8622668393374067, '10%': -2.567156904508229}"
298,PKI,0.10576495482045895,3997,-2.541217499986299,"{'1%': -3.4320003249927113, '5%': -2.862269223301515, '10%': -2.567158173631508}"
299,AMP,,2584,,
300,PRGO,0.9543456338281548,3997,-0.048356223093359366,"{'1%': -3.431996999761174, '5%': -2.862267754399713, '10%': -2.5671573916492325}"
301,PFE,0.5648902225796832,3997,-1.4360218347852964,"{'1%': -3.4320003249927113, '5%': -2.862269223301515, '10%': -2.567158173631508}"
302,PM,,1956,,
303,PSX,,929,,
304,PNW,0.43851605982041375,3997,-1.6856591275880102,"{'1%': -3.431987924087406, '5%': -2.862263745264969, '10%': -2.56715525735392}"
305,PXD,0.6834373714153138,3997,-1.1769368988302815,"{'1%': -3.4319999086046633, '5%': -2.8622690393645924, '10%': -2.5671580757111188}"
306,PNC,0.41514152561909023,3997,-1.7311444919953283,"{'1%': -3.431999492426677, '5%': -2.862268855520438, '10%': -2.5671579778401203}"
307,RL,0.6378941641394698,3997,-1.2808348184341716,"{'1%': -3.431992862018147, '5%': -2.8622659265733703, '10%': -2.5671564185908364}"
308,PPG,0.5131946370878272,3997,-1.540891675337092,"{'1%': -3.4319875139327345, '5%': -2.862263564080849, '10%': -2.567155160899137}"
309,PPL,0.04081566546386304,3997,-2.940700632283554,"{'1%': -3.4319875139327345, '5%': -2.862263564080849, '10%': -2.567155160899137}"
310,ABC,0.5855915153993464,3997,-1.3930749905100026,"{'1%': -3.4319875139327345, '5%': -2.862263564080849, '10%': -2.567155160899137}"
311,PFG,,3565,,
312,PG,0.010800248341851624,3997,-3.404683365713368,"{'1%': -3.431987924087406, '5%': -2.862263745264969, '10%': -2.56715525735392}"
313,PGR,0.2608483824792028,3997,-2.0601234198315197,"{'1%': -3.4319875139327345, '5%': -2.862263564080849, '10%': -2.567155160899137}"
314,PLD,0.2443798647849202,3997,-2.1003351315269883,"{'1%': -3.4319999086046633, '5%': -2.8622690393645924, '10%': -2.5671580757111188}"
315,PRU,,3529,,
316,PEG,0.20745831404190362,3997,-2.1966643998556963,"{'1%': -3.4319957562514243, '5%': -2.862267205086051, '10%': -2.5671570992175385}"
317,PSA,0.9985269376275043,3997,1.8993283789821347,"{'1%': -3.4319961705459843, '5%': -2.862267388098443, '10%': -2.5671571966457023}"
318,PHM,0.21546793310069035,3997,-2.1749352678859957,"{'1%': -3.431998660700255, '5%': -2.862268488110152, '10%': -2.567157782246144}"
319,PVH,0.6571378707187612,3997,-1.2377764838271885,"{'1%': -3.431993274856645, '5%': -2.8622661089427317, '10%': -2.5671565156766474}"
320,QRVO,,243,,
321,AME,0.010447323101098967,3997,-3.4153275449256055,"{'1%': -3.4319875139327345, '5%': -2.862263564080849, '10%': -2.567155160899137}"
322,PWR,0.09056869217930097,3997,-2.611870100675493,"{'1%': -3.431996585049182, '5%': -2.8622675712029735, '10%': -2.5671572941229215}"
323,QCOM,9.490759573337653e-05,3997,-4.672122510783794,"{'1%': -3.431999492426677, '5%': -2.862268855520438, '10%': -2.5671579778401203}"
324,DGX,0.009002178777616726,3997,-3.4625654249722935,"{'1%': -3.431996999761174, '5%': -2.862267754399713, '10%': -2.5671573916492325}"
325,RJF,0.4871747827683969,3996,-1.5928687557936836,"{'1%': -3.4319903893367205, '5%': -2.8622648342780708, '10%': -2.5671558370986496}"
326,RTN,0.9952634920107518,3997,1.1055238827429725,"{'1%': -3.431989977946622, '5%': -2.8622646525483564, '10%': -2.56715574035339}"
327,O,0.29410559068037734,3997,-1.982934268553929,"{'1%': -3.431987924087406, '5%': -2.862263745264969, '10%': -2.56715525735392}"
328,RHT,0.6798653043691094,3997,-1.1853511889029256,"{'1%': -3.431991624746321, '5%': -2.8622653800145192, '10%': -2.5671561276258172}"
329,REG,0.38793273971978026,3997,-1.785002110218668,"{'1%': -3.4320003249927113, '5%': -2.862269223301515, '10%': -2.567158173631508}"
330,REGN,1.0,3996,3.699152726082591,"{'1%': -3.431999492426677, '5%': -2.862268855520438, '10%': -2.5671579778401203}"
331,RF,0.881648372384938,3996,-0.5511224818312326,"{'1%': -3.431998660700255, '5%': -2.862268488110152, '10%': -2.567157782246144}"
332,AMGN,0.9866494723639634,3997,0.5623337745132673,"{'1%': -3.4320003249927113, '5%': -2.862269223301515, '10%': -2.567158173631508}"
333,ABMD,0.8403741692701074,3997,-0.7242263963066674,"{'1%': -3.431999076458594, '5%': -2.862268671768981, '10%': -2.5671578800184744}"
334,RSG,0.23934136871011535,3997,-2.1129448567069944,"{'1%': -3.4319908009332663, '5%': -2.8622650160989567, '10%': -2.5671559338924497}"
335,RMD,0.0004499277584614404,3997,-4.296792642130004,"{'1%': -3.431993274856645, '5%': -2.8622661089427317, '10%': -2.5671565156766474}"
336,RHI,0.1879415009258512,3997,-2.2519262627310783,"{'1%': -3.431993274856645, '5%': -2.8622661089427317, '10%': -2.5671565156766474}"
337,ROK,0.7491900301419755,3997,-1.0111116720972284,"{'1%': -3.4319949282875872, '5%': -2.8622668393374067, '10%': -2.567156904508229}"
338,ROL,0.016968898005227218,3997,-3.255893428462029,"{'1%': -3.4319908009332663, '5%': -2.8622650160989567, '10%': -2.5671559338924497}"
339,ROP,0.9884426971637287,3997,0.6347995285325715,"{'1%': -3.431987924087406, '5%': -2.862263745264969, '10%': -2.56715525735392}"
340,ROST,0.13601397014884747,3997,-2.420572452578161,"{'1%': -3.4319875139327345, '5%': -2.862263564080849, '10%': -2.567155160899137}"
341,RCL,0.9708086815423527,3997,0.17473943802365532,"{'1%': -3.4319875139327345, '5%': -2.862263564080849, '10%': -2.567155160899137}"
342,CRM,,2895,,
343,SBAC,0.9835158957497651,3997,0.45730218842436154,"{'1%': -3.431996999761174, '5%': -2.862267754399713, '10%': -2.5671573916492325}"
344,APH,0.004570911148584779,3997,-3.669001855311612,"{'1%': -3.4319912127364143, '5%': -2.8622651980110834, '10%': -2.567156030734827}"
345,SLB,0.015528055913787836,3997,-3.2857399806648395,"{'1%': -3.4319875139327345, '5%': -2.862263564080849, '10%': -2.567155160899137}"
346,STX,,3279,,
347,SEE,0.19286152566215353,3996,-2.2376613079195886,"{'1%': -3.431987924087406, '5%': -2.862263745264969, '10%': -2.56715525735392}"
348,SRE,0.9054239468596235,3997,-0.4273914956129299,"{'1%': -3.4319912127364143, '5%': -2.8622651980110834, '10%': -2.567156030734827}"
349,SHW,0.9978592450437291,3997,1.6005567240404897,"{'1%': -3.4319999086046633, '5%': -2.8622690393645924, '10%': -2.5671580757111188}"
350,SPG,0.9449953626761157,3997,-0.14289024697913208,"{'1%': -3.431996999761174, '5%': -2.862267754399713, '10%': -2.5671573916492325}"
351,SWKS,0.004102488638531769,3997,-3.700759152765206,"{'1%': -3.4320003249927113, '5%': -2.862269223301515, '10%': -2.567158173631508}"
352,SLG,0.5260866531723523,3997,-1.5149834419200239,"{'1%': -3.431998660700255, '5%': -2.862268488110152, '10%': -2.567157782246144}"
353,SNA,1.0,3997,3.007120127231273,"{'1%': -3.4320003249927113, '5%': -2.862269223301515, '10%': -2.567158173631508}"
354,SO,0.42039652945440087,3997,-1.7208630445025612,"{'1%': -3.431992862018147, '5%': -2.8622659265733703, '10%': -2.5671564185908364}"
355,APC,0.03544928165194417,3997,-2.9940977818516346,"{'1%': -3.431991624746321, '5%': -2.8622653800145192, '10%': -2.5671561276258172}"
356,LUV,0.8872590181768627,3997,-0.5239423573693671,"{'1%': -3.431999076458594, '5%': -2.862268671768981, '10%': -2.5671578800184744}"
357,SPGI,,0,,
358,SWK,0.8740055184237001,3997,-0.5864903903858784,"{'1%': -3.431989155785145, '5%': -2.8622642893621704, '10%': -2.5671555470083454}"
359,SBUX,0.4021838765591459,3997,-1.7566543294716197,"{'1%': -3.431987924087406, '5%': -2.862263745264969, '10%': -2.56715525735392}"
360,STT,0.2049451138019403,3997,-2.2035898930343483,"{'1%': -3.4319999086046633, '5%': -2.8622690393645924, '10%': -2.5671580757111188}"
361,SYK,0.4336691204256981,3997,-1.6950413423962725,"{'1%': -3.4320003249927113, '5%': -2.862269223301515, '10%': -2.567158173631508}"
362,STI,0.7263141897685959,3997,-1.0714701154818083,"{'1%': -3.431998245151502, '5%': -2.8622683045438806, '10%': -2.567157684523092}"
363,SIVB,0.8713836744858416,3997,-0.598220232478739,"{'1%': -3.4319961705459843, '5%': -2.862267388098443, '10%': -2.5671571966457023}"
364,SYMC,0.008051990212355219,3997,-3.497482285953897,"{'1%': -3.4319961705459843, '5%': -2.862267388098443, '10%': -2.5671571966457023}"
365,SYF,,351,,
366,ADI,0.0027361047573946293,3997,-3.817205540800872,"{'1%': -3.4320003249927113, '5%': -2.862269223301515, '10%': -2.567158173631508}"
367,SNPS,0.10196922690276039,3997,-2.5581034775885247,"{'1%': -3.4319936879026813, '5%': -2.862266291403747, '10%': -2.5671566128112553}"
368,SYY,0.0037223982930798473,3997,-3.7290662496120404,"{'1%': -3.431992862018147, '5%': -2.8622659265733703, '10%': -2.5671564185908364}"
369,TROW,0.21091917234756102,3997,-2.1872127762369686,"{'1%': -3.4319949282875872, '5%': -2.8622668393374067, '10%': -2.567156904508229}"
370,TTWO,0.3077691546337629,3997,-1.9525247199228428,"{'1%': -3.4320003249927113, '5%': -2.862269223301515, '10%': -2.567158173631508}"
371,TPR,,0,,
372,TGT,0.21103531617612642,3997,-2.1868972662600634,"{'1%': -3.431988334447595, '5%': -2.8622639265398497, '10%': -2.567155353857025}"
373,TEL,,2145,,
374,FTI,,3651,,
375,TFX,0.9628062046691244,3997,0.054398912703080476,"{'1%': -3.431989155785145, '5%': -2.8622642893621704, '10%': -2.5671555470083454}"
376,TXN,1.718542987539521e-12,3997,-8.053335216806436,"{'1%': -3.4320003249927113, '5%': -2.862269223301515, '10%': -2.567158173631508}"
377,ANSS,0.7358447364758514,3997,-1.0467216488172266,"{'1%': -3.431989566762815, '5%': -2.862264470909746, '10%': -2.567155643656634}"
378,TXT,0.4303477621061344,3997,-1.701484535858309,"{'1%': -3.4319999086046633, '5%': -2.8622690393645924, '10%': -2.5671580757111188}"
379,TMO,0.9928285433895034,3997,0.8803565019074387,"{'1%': -3.4319957562514243, '5%': -2.862267205086051, '10%': -2.5671570992175385}"
380,TIF,0.5650575413794499,3997,-1.4356773509193723,"{'1%': -3.431999076458594, '5%': -2.862268671768981, '10%': -2.5671578800184744}"
381,TWTR,,533,,
382,TJX,0.6261595245797248,3997,-1.3065736403027355,"{'1%': -3.431988334447595, '5%': -2.8622639265398497, '10%': -2.567155353857025}"
383,TMK,0.07133498065210443,3997,-2.7158528321872133,"{'1%': -3.431987924087406, '5%': -2.862263745264969, '10%': -2.56715525735392}"
384,TSS,0.9610799071698298,3997,0.03174441154241436,"{'1%': -3.431989155785145, '5%': -2.8622642893621704, '10%': -2.5671555470083454}"
385,TSCO,0.14572939251748396,3997,-2.3859911850668802,"{'1%': -3.4319875139327345, '5%': -2.862263564080849, '10%': -2.567155160899137}"
386,TDG,,2460,,
387,TRV,0.9717347845743842,3997,0.19069386818965503,"{'1%': -3.431998245151502, '5%': -2.8622683045438806, '10%': -2.567157684523092}"
388,ANTM,,272,,
389,TRIP,,1015,,
390,FOXA,0.008091448211797733,3997,-3.49596037835204,"{'1%': -3.4319978298121763, '5%': -2.862268121070097, '10%': -2.5671575868492806}"
391,FOX,0.011326889497240132,3997,-3.3893625946775714,"{'1%': -3.4320003249927113, '5%': -2.862269223301515, '10%': -2.567158173631508}"
392,TSN,0.9970728246941584,3996,1.3909901317058195,"{'1%': -3.4319949282875872, '5%': -2.8622668393374067, '10%': -2.567156904508229}"
393,UDR,0.8045917053079081,3997,-0.848073038960435,"{'1%': -3.4319961705459843, '5%': -2.862267388098443, '10%': -2.5671571966457023}"
394,ULTA,,2053,,
395,USB,0.4334802132855679,3997,-1.6954074954440772,"{'1%': -3.431998660700255, '5%': -2.862268488110152, '10%': -2.567157782246144}"
396,UAA,,0,,
397,UA,,2538,,
398,UNP,0.1620445643404248,3997,-2.331387545250903,"{'1%': -3.431988334447595, '5%': -2.8622639265398497, '10%': -2.567155353857025}"
399,AON,0.9447462436358345,3997,-0.14519921534911642,"{'1%': -3.431989977946622, '5%': -2.8622646525483564, '10%': -2.56715574035339}"
400,UAL,,2486,,
401,UNH,0.42443482153789647,3997,-1.7129852266073857,"{'1%': -3.431989566762815, '5%': -2.862264470909746, '10%': -2.567155643656634}"
402,UPS,0.5045205275632948,3997,-1.5582582962040605,"{'1%': -3.4319949282875872, '5%': -2.8622668393374067, '10%': -2.567156904508229}"
403,URI,0.8058459195142478,3997,-0.8440281553970195,"{'1%': -3.4320003249927113, '5%': -2.862269223301515, '10%': -2.567158173631508}"
404,UTX,0.12706467389485981,3997,-2.4540258281346583,"{'1%': -3.431987924087406, '5%': -2.862263745264969, '10%': -2.56715525735392}"
405,UHS,0.7636874174908499,3997,-0.9710183349721266,"{'1%': -3.4319903893367205, '5%': -2.8622648342780708, '10%': -2.5671558370986496}"
406,UNM,0.20646453807120263,3997,-2.1993965753991356,"{'1%': -3.4319908009332663, '5%': -2.8622650160989567, '10%': -2.5671559338924497}"
407,VFC,0.12404107946767945,3997,-2.465713164979485,"{'1%': -3.431987924087406, '5%': -2.862263745264969, '10%': -2.56715525735392}"
408,VLO,0.21873815095070082,3997,-2.1662068882465593,"{'1%': -3.4319978298121763, '5%': -2.862268121070097, '10%': -2.5671575868492806}"
409,VAR,0.12338832680306011,3997,-2.4682634776932733,"{'1%': -3.431993274856645, '5%': -2.8622661089427317, '10%': -2.5671565156766474}"
410,AOS,0.364984297360389,3997,-1.8314068002250472,"{'1%': -3.4319875139327345, '5%': -2.862263564080849, '10%': -2.567155160899137}"
411,VTR,0.5088572904481442,3997,-1.5495813901041202,"{'1%': -3.4319961705459843, '5%': -2.862267388098443, '10%': -2.5671571966457023}"
412,VRSN,4.000209192376625e-05,3997,-4.86931266963948,"{'1%': -3.4320003249927113, '5%': -2.862269223301515, '10%': -2.567158173631508}"
413,VRSK,,1562,,
414,VZ,0.061189842218623364,3997,-2.779986961818324,"{'1%': -3.431998660700255, '5%': -2.862268488110152, '10%': -2.567157782246144}"
415,VRTX,0.7475274263378411,3996,-1.0156126854410228,"{'1%': -3.432000741590981, '5%': -2.862269407331276, '10%': -2.567158271601324}"
416,VIAB,,2528,,
417,V,,1954,,
418,VNO,0.36972986326776713,3997,-1.8217261254892696,"{'1%': -3.4319999086046633, '5%': -2.8622690393645924, '10%': -2.5671580757111188}"
419,VMC,0.48156825384696245,3997,-1.6040310390935637,"{'1%': -3.431988334447595, '5%': -2.8622639265398497, '10%': -2.567155353857025}"
420,WAB,0.5085933341959249,3997,-1.5501098298753668,"{'1%': -3.4319875139327345, '5%': -2.862263564080849, '10%': -2.567155160899137}"
421,APA,0.12858547658718777,3997,-2.448223559587888,"{'1%': -3.4319957562514243, '5%': -2.862267205086051, '10%': -2.5671570992175385}"
422,WMT,0.24486166891808447,3997,-2.0991372256193905,"{'1%': -3.431989566762815, '5%': -2.862264470909746, '10%': -2.567155643656634}"
423,WBA,,244,,
424,DIS,0.9977922431897852,3997,1.578699116626186,"{'1%': -3.4319936879026813, '5%': -2.862266291403747, '10%': -2.5671566128112553}"
425,WM,0.5137575048913876,3997,-1.5397630796670596,"{'1%': -3.431992449387031, '5%': -2.862265744295594, '10%': -2.5671563215537856}"
426,WAT,0.6348174422478213,3997,-1.287618971852441,"{'1%': -3.4319999086046633, '5%': -2.8622690393645924, '10%': -2.5671580757111188}"
427,WEC,0.2320963474797429,3997,-2.1313512770178753,"{'1%': -3.431987924087406, '5%': -2.862263745264969, '10%': -2.56715525735392}"
428,WCG,,2889,,
429,WFC,0.2430762702390648,3997,-2.1035830797001407,"{'1%': -3.431987924087406, '5%': -2.862263745264969, '10%': -2.56715525735392}"
430,WELL,,0,,
431,WDC,0.7445795348167998,3997,-1.0235468892061046,"{'1%': -3.4319978298121763, '5%': -2.862268121070097, '10%': -2.5671575868492806}"
432,AIV,0.4666418775759048,3997,-1.6316218670761384,"{'1%': -3.431996585049182, '5%': -2.8622675712029735, '10%': -2.5671572941229215}"
433,WU,,2321,,
434,WRK,,117,,
435,WY,0.5229271770888145,3997,-1.5213448309316564,"{'1%': -3.431989977946622, '5%': -2.8622646525483564, '10%': -2.56715574035339}"
436,WHR,0.6970958403065082,3997,-1.1442769634986103,"{'1%': -3.431989977946622, '5%': -2.8622646525483564, '10%': -2.56715574035339}"
437,WMB,0.3562752147334919,3997,-1.84929872902264,"{'1%': -3.4319949282875872, '5%': -2.8622668393374067, '10%': -2.567156904508229}"
438,WLTW,,0,,
439,WYNN,,3311,,
440,XEL,0.7618103836973017,3997,-0.976298640653032,"{'1%': -3.4319903893367205, '5%': -2.8622648342780708, '10%': -2.5671558370986496}"
441,XRX,0.00833753733634349,3997,-3.4866164986909225,"{'1%': -3.431999492426677, '5%': -2.862268855520438, '10%': -2.5671579778401203}"
442,XLNX,0.01750875911935769,3997,-3.2452810898708115,"{'1%': -3.4320003249927113, '5%': -2.862269223301515, '10%': -2.567158173631508}"
443,AAPL,0.4004642640114561,3997,-1.7600579031954298,"{'1%': -3.4319875139327345, '5%': -2.862263564080849, '10%': -2.567155160899137}"
444,ACN,,3628,,
445,XYL,,1053,,
446,YUM,0.3212920124862354,3997,-1.9230598026299062,"{'1%': -3.431988334447595, '5%': -2.8622639265398497, '10%': -2.567155353857025}"
447,ZBH,,120,,
448,ZION,0.7331333687340006,3997,-1.053817638774912,"{'1%': -3.4320003249927113, '5%': -2.862269223301515, '10%': -2.567158173631508}"
449,ZTS,,727,,
450,AMAT,1.3915866800706462e-07,3997,-6.034621650078503,"{'1%': -3.4320003249927113, '5%': -2.862269223301515, '10%': -2.567158173631508}"
451,APTV,,0,,
452,ADM,0.44755404758226636,3997,-1.6682244413858491,"{'1%': -3.431988334447595, '5%': -2.8622639265398497, '10%': -2.567155353857025}"
453,ARNC,,0,,
454,ANET,,388,,
455,AJG,0.1462759271573449,3996,-2.384094864554377,"{'1%': -3.432000741590981, '5%': -2.862269407331276, '10%': -2.567158271601324}"
456,AIZ,,2990,,
457,ATO,0.9921523663316759,3997,0.8331173366009063,"{'1%': -3.4319936879026813, '5%': -2.862266291403747, '10%': -2.5671566128112553}"
458,T,0.17307264445892806,3997,-2.2965822159265556,"{'1%': -3.431998660700255, '5%': -2.862268488110152, '10%': -2.567157782246144}"
459,ADSK,0.11529676157534774,3997,-2.5007301947139657,"{'1%': -3.4319875139327345, '5%': -2.862263564080849, '10%': -2.567155160899137}"
460,ATVI,0.27637431444154936,3997,-2.0234787273995676,"{'1%': -3.4319936879026813, '5%': -2.862266291403747, '10%': -2.5671566128112553}"
461,ADP,0.853703841060909,3997,-0.6726634381624411,"{'1%': -3.4319949282875872, '5%': -2.8622668393374067, '10%': -2.567156904508229}"
462,AZO,1.0,3997,3.459495090318356,"{'1%': -3.4319999086046633, '5%': -2.8622690393645924, '10%': -2.5671580757111188}"
463,AVB,0.9235617253760378,3997,-0.3135601920200591,"{'1%': -3.4319961705459843, '5%': -2.862267388098443, '10%': -2.5671571966457023}"
464,AVY,0.15881396777497447,3997,-2.3418874605762823,"{'1%': -3.431987924087406, '5%': -2.862263745264969, '10%': -2.56715525735392}"
465,BHGE,,0,,
466,BLL,0.005251022150980121,3997,-3.6278135363441035,"{'1%': -3.4319875139327345, '5%': -2.862263564080849, '10%': -2.567155160899137}"
467,BAC,0.6082731332000546,3997,-1.3451465660965773,"{'1%': -3.4319875139327345, '5%': -2.862263564080849, '10%': -2.567155160899137}"
468,BK,0.37130909896421094,3997,-1.8185148445459585,"{'1%': -3.431998245151502, '5%': -2.8622683045438806, '10%': -2.567157684523092}"
469,BAX,0.1579389349320035,3997,-2.344756632572834,"{'1%': -3.431988334447595, '5%': -2.8622639265398497, '10%': -2.567155353857025}"
470,BBT,0.08900268505465092,3997,-2.6196547688726826,"{'1%': -3.431998245151502, '5%': -2.8622683045438806, '10%': -2.567157684523092}"
471,ADBE,0.13714680764734521,3997,-2.416451578537743,"{'1%': -3.4320003249927113, '5%': -2.862269223301515, '10%': -2.567158173631508}"
472,BDX,0.992894144776888,3997,0.8852025378841347,"{'1%': -3.4319936879026813, '5%': -2.862266291403747, '10%': -2.5671566128112553}"
473,BRK.B,,117,,
474,BBY,0.0019605623554985606,3996,-3.910268574682735,"{'1%': -3.432000741590981, '5%': -2.862269407331276, '10%': -2.567158271601324}"
475,BIIB,0.8922032581717138,3996,-0.4990422574198012,"{'1%': -3.431999492426677, '5%': -2.862268855520438, '10%': -2.5671579778401203}"
476,BLK,0.8304589822637163,3997,-0.7604697325004991,"{'1%': -3.4319957562514243, '5%': -2.862267205086051, '10%': -2.5671570992175385}"
477,HRB,0.14775271511029336,3997,-2.378995583699953,"{'1%': -3.431989977946622, '5%': -2.8622646525483564, '10%': -2.56715574035339}"
478,BA,0.8985375204703054,3996,-0.46570208848635836,"{'1%': -3.431989977946622, '5%': -2.8622646525483564, '10%': -2.56715574035339}"
479,BKNG,,0,,
480,BWA,0.02692489720712909,3997,-3.095007120147329,"{'1%': -3.4319875139327345, '5%': -2.862263564080849, '10%': -2.567155160899137}"
481,BXP,0.67756255147271,3996,-1.190748983759302,"{'1%': -3.4320003249927113, '5%': -2.862269223301515, '10%': -2.567158173631508}"
482,AMD,0.0001083748067082842,3997,-4.641195033647961,"{'1%': -3.4319999086046633, '5%': -2.8622690393645924, '10%': -2.5671580757111188}"
483,BSX,0.5038798790837338,3996,-1.559539172449327,"{'1%': -3.4319936879026813, '5%': -2.862266291403747, '10%': -2.5671566128112553}"
484,BMY,0.9565997233444948,3996,-0.022866139899643145,"{'1%': -3.4319978298121763, '5%': -2.862268121070097, '10%': -2.5671575868492806}"
485,AVGO,,1605,,
486,BR,,2196,,
487,BF.B,,117,,
488,CHRW,0.08039788096374029,3997,-2.6644320361725033,"{'1%': -3.431988334447595, '5%': -2.8622639265398497, '10%': -2.567155353857025}"
489,COG,0.02023083157469788,3997,-3.195770102387448,"{'1%': -3.4319949282875872, '5%': -2.8622668393374067, '10%': -2.567156904508229}"
490,CDNS,0.2824548135971643,3997,-2.0094275352932343,"{'1%': -3.431999076458594, '5%': -2.862268671768981, '10%': -2.5671578800184744}"
491,CPB,0.8539530394886894,3997,-0.6716651410909414,"{'1%': -3.4319945146179958, '5%': -2.8622666566010153, '10%': -2.5671568072270095}"
492,COF,0.1876439513585716,3997,-2.2527966965714987,"{'1%': -3.4319887450134567, '5%': -2.862264107905561, '10%': -2.567155450408488}"
493,AAP,,3539,,
494,CPRI,,0,,
495,CAH,0.42395725733288336,3997,-1.713915836760806,"{'1%': -3.4319887450134567, '5%': -2.862264107905561, '10%': -2.567155450408488}"
496,KMX,0.43204859307802435,3997,-1.6981835803917498,"{'1%': -3.431989977946622, '5%': -2.8622646525483564, '10%': -2.56715574035339}"
497,CCL,0.1763219437389631,3997,-2.2866128730870248,"{'1%': -3.431988334447595, '5%': -2.8622639265398497, '10%': -2.567155353857025}"
498,CAT,0.12699662151326135,3997,-2.4542866405237556,"{'1%': -3.4319875139327345, '5%': -2.862263564080849, '10%': -2.567155160899137}"
499,CBOE,,1390,,
500,CBRE,,0,,
501,CBS,,2528,,
502,CE,,2748,,
503,CELG,0.02937059254135678,3997,-3.0635538995957554,"{'1%': -3.4319974146821197, '5%': -2.862267937688731, '10%': -2.5671574892246736}"
504,AES,6.102104964070161e-05,3997,-4.7738050727518315,"{'1%': -3.4320003249927113, '5%': -2.862269223301515, '10%': -2.567158173631508}"
